country_code,year,value
ABW,1990,72.3108893004
ABW,2000,87.35285803815
ABW,2015,97.34080781558
AFE,1990,35883.61132623754
AFE,2000,47545.06873056384
AFE,2015,63984.12437678525
AFG,1990,1309.672466805
AFG,2000,2280.088881826
AFG,2015,3993.83610705
AFW,1990,30308.566274893088
AFW,2000,38443.687219003776
AFW,2015,51046.98769002802
AGO,1990,1559.94768115246
AGO,2000,2010.4416603827
AGO,2015,2991.3469865533
ALB,1990,596.86092547715
ALB,2000,790.05473415509
ALB,2015,827.69395654173
AND,1990,18.0436834805
AND,2000,31.854123801
AND,2015,30.9358154312
ARB,1990,47990.206198226966
ARB,2000,60338.913673355135
ARB,2015,76974.63256074858
ARE,1990,1060.873607515
ARE,2000,1386.317341611
ARE,2015,2263.10504571
ARG,1990,8570.4179461242
ARG,2000,10030.146186676
ARG,2015,11432.7305610191
ARM,1990,874.969537926
ARM,2000,887.446253324
ARM,2015,922.33502653
ASM,1990,11.913868005385
ASM,2000,11.913868005385
ASM,2015,23.43530367779
ATG,1990,26.25936951578
ATG,2000,28.94490906874
ATG,2015,31.86330246835
AUS,1990,10027.780417343
AUS,2000,10794.841680659
AUS,2015,11945.986036946
AUT,1990,2512.61623932
AUT,2000,2685.348713011
AUT,2015,2973.712010219
AZE,1990,1823.90461321
AZE,2000,2145.736266697
AZE,2015,2589.858867181
BDI,1990,416.061402492
BDI,2000,568.54775748
BDI,2015,887.842343383
BEL,1990,6642.2052147843
BEL,2000,6961.534982994
BEL,2015,7730.879239745
BEN,1990,1014.6356801175
BEN,2000,1413.5481945591
BEN,2015,2005.9093441513
BFA,1990,940.209081152
BFA,2000,1212.414139403
BFA,2015,1599.295141703
BGD,1990,46298.409398434
BGD,2000,51109.24139721
BGD,2015,56970.02069378
BGR,1990,2458.27458257894
BGR,2000,2298.23006524629
BGR,2015,2109.34419338666
BHR,1990,259.0865296102
BHR,2000,284.019768575
BHR,2015,330.2917370002
BHS,1990,160.81233098939
BHS,2000,177.94484822138
BHS,2015,203.74424328
BIH,1990,1316.158258267
BIH,2000,1469.420647608
BIH,2015,1641.927708162
BLR,1990,3179.480134043
BLR,2000,3170.850644675
BLR,2015,2882.604490276
BLZ,1990,67.2068537478
BLZ,2000,97.0804126788
BLZ,2015,122.899862862001
BMU,1990,33.36227176549
BMU,2000,34.09296538802
BMU,2015,41.96724761788
BOL,1990,1214.23819343
BOL,2000,1503.991444238
BOL,2015,1767.519043522
BRA,1990,34620.952425119
BRA,2000,41034.544256159
BRA,2015,45853.339612948
BRB,1990,160.61493280911
BRB,2000,174.79495313395
BRB,2015,187.58808114682
BRN,1990,115.2252348347
BRN,2000,164.2445019451
BRN,2015,199.17236852322
BTN,1990,11.49908491969
BTN,2000,14.42047259583
BTN,2015,28.60276836902
BWA,1990,489.3486319934
BWA,2000,659.12530727
BWA,2015,804.345993534
CAF,1990,354.0929459723
CAF,2000,438.3968809261
CAF,2015,535.375880953
CAN,1990,11777.1678717079
CAN,2000,12775.5617567098
CAN,2015,13983.1142967339
CEB,1990,34237.644893034056
CEB,2000,35476.858146824794
CEB,2015,36530.917976050565
CHE,1990,3066.311174795
CHE,2000,3388.774180366
CHE,2015,4016.815073034
CHL,1990,2594.7194166335
CHL,2000,3089.1963772392
CHL,2015,3579.6703573598
CHN,1990,362455.80240613
CHN,2000,436715.38991649
CHN,2015,522345.1853048
CIV,1990,1763.4252376137
CIV,2000,2333.2620025317
CIV,2015,2981.9568951999
CMR,1990,1564.19766063064
CMR,2000,1999.38691517046
CMR,2015,2352.11104215641
COD,1990,3519.05572167604
COD,2000,4835.31119500824
COD,2015,7232.34541936721
COG,1990,343.511781068176
COG,2000,444.171267163362
COG,2015,420.2625750865
COL,1990,4018.9784971614
COL,2000,4621.6506242638
COL,2015,5114.5584541567
COM,1990,65.589861280211
COM,2000,67.724593588121
COM,2015,142.53415404781
CPV,1990,48.22070506308
CPV,2000,54.82349151835
CPV,2015,59.554326767999
CRI,1990,963.9493329708
CRI,2000,1204.713390047
CRI,2015,1475.94358331317
CSS,1990,1519.806621123281
CSS,2000,1763.6547132404728
CSS,2015,2028.772979263312
CUB,1990,2455.196357536
CUB,2000,2749.245639152
CUB,2015,3053.18468179
CUW,1990,110.888002128329
CUW,2000,111.799224312409
CUW,2015,118.118928362573
CYM,1990,17.039544197728
CYM,2000,27.61728553966
CYM,2015,43.96772397219
CYP,1990,316.21280483177
CYP,2000,396.87767168529
CYP,2015,518.98037655244
CZE,1990,3545.584422921
CZE,2000,3671.506244637
CZE,2015,4023.3993128
DEU,1990,34563.291164689
DEU,2000,36535.101513222
DEU,2015,36996.443574016
DJI,1990,35.53196287717
DJI,2000,37.29893894311
DJI,2015,51.25016233939
DMA,1990,15.19067001625
DMA,2000,18.842637638535
DMA,2015,20.999402631043
DNK,1990,2017.3840957102
DNK,2000,2103.7653178079
DNK,2015,2235.4865365007
DOM,1990,1442.2313157003
DOM,2000,2007.750940419
DOM,2015,2504.4863586839
DZA,1990,5850.9057641325
DZA,2000,7652.3558361744
DZA,2015,9357.0997471495
EAP,1990,461053.2627512327
EAP,2000,563847.2807370737
EAP,2015,673759.8239908818
EAR,1990,345302.456907568
EAR,2000,437778.69741002464
EAR,2015,564689.5378024235
EAS,1990,539108.1318324044
EAS,2000,647364.9155908047
EAS,2015,761927.2870963378
ECA,1990,63489.369709786
ECA,2000,70463.09917245747
ECA,2015,76303.89114592902
ECS,1990,291322.40662026586
ECS,2000,310468.4738927737
ECS,2015,327818.30560936144
ECU,1990,1623.3629532055
ECU,2000,1984.9157484311
ECU,2015,2293.8454686048
EGY,1990,13257.800746638
EGY,2000,16023.085900475
EGY,2015,18917.96115821
EMU,1990,116756.85481154858
EMU,2000,125107.17126289327
EMU,2015,133590.540446038
ERI,1990,187.49975158554
ERI,2000,234.86606434972
ERI,2015,331.19181850798
ESP,1990,12524.454030086
ESP,2000,13941.633079322
ESP,2015,15655.069409499
EST,1990,346.34631663069
EST,2000,435.35259762988
EST,2015,449.97232757147
ETH,1990,2800.53822256
ETH,2000,3934.94802042
ETH,2015,5760.6647148
EUU,1990,150458.87791339454
EUU,2000,160018.47988739342
EUU,2015,169850.47151234478
FCS,1990,73383.16825422957
FCS,2000,89750.36186561034
FCS,2015,113393.9463037241
FIN,1990,1995.7169364328
FIN,2000,2121.4971932498
FIN,2015,2242.6594416467
FJI,1990,81.44603655778
FJI,2000,83.80931876143
FJI,2015,117.25678130726
FRA,1990,19344.025341062
FRA,2000,20827.760948228
FRA,2015,23030.660881956
FRO,1990,0.0
FRO,2000,0.0
FRO,2015,0.0
FSM,1990,4.395958186124
FSM,2000,4.395958186124
FSM,2015,7.519302931613
GAB,1990,236.83329412357
GAB,2000,268.99227458646
GAB,2015,311.59997007957
GBR,1990,21541.503078803
GBR,2000,21830.391507229
GBR,2015,22675.976252161
GEO,1990,1413.32467206181
GEO,2000,1348.86491755873
GEO,2015,1130.1634098862
GHA,1990,3298.2838473911
GHA,2000,4195.5921859384
GHA,2015,5559.5497888859
GIB,1990,7.398828951639
GIB,2000,7.398828951639
GIB,2015,7.398828951639
GIN,1990,810.73282096936
GIN,2000,1090.31591525
GIN,2015,1390.66357912241
GMB,1990,176.6985472552
GMB,2000,258.09768922724
GMB,2015,338.74891276451
GNB,1990,133.1412343813
GNB,2000,164.24678315426
GNB,2015,196.26400685892
GNQ,1990,79.26024406695
GNQ,2000,104.61637445089
GNQ,2015,136.73434418639
GRC,1990,2370.8795704057
GRC,2000,2664.3333004573
GRC,2015,2748.6634607268
GRD,1990,44.09126916462
GRD,2000,63.28370897771
GRD,2015,68.51966222491
GRL,1990,0.912475598976
GRL,2000,2.5829688655263
GRL,2015,2.5829688655263
GTM,1990,1587.44832249959
GTM,2000,2177.21079543308
GTM,2015,2900.62182785529
GUM,1990,76.92088804301
GUM,2000,79.73729674423
GUM,2015,83.79810474723
GUY,1990,160.317344807576
GUY,2000,169.319712959876
GUY,2015,165.726375442426
HIC,1990,482029.50958063087
HIC,2000,524480.4631798441
HIC,2015,567892.4251238161
HKG,1990,445.3223398818
HKG,2000,484.37334152877
HKG,2015,516.71372699086
HND,1990,817.13705643949
HND,2000,1125.80097481509
HND,2015,1576.92823835852
HPC,1990,39734.98106688315
HPC,2000,52662.49232658162
HPC,2015,72874.91650385827
HRV,1990,1642.07155197418
HRV,2000,1624.88270913514
HRV,2015,1648.41307213538
HTI,1990,1006.2307852477
HTI,2000,1205.5777111173
HTI,2015,1326.1041259626
HUN,1990,3743.427075308
HUN,2000,3899.667157369
HUN,2015,3928.8336649
IBD,1990,815083.3491762311
IBD,2000,981821.5175688436
IBD,2015,1173543.4134871133
IBT,1990,956987.4807344541
IBT,2000,1162078.1585352551
IBT,2015,1417003.2875332895
IDA,1990,141904.13155822313
IDA,2000,180256.64096641156
IDA,2015,243459.87404617626
IDB,1990,42971.74065038041
IDB,2000,60036.38185721967
IDB,2015,92359.49653175977
IDN,1990,43593.45193756
IDN,2000,56810.41510525
IDN,2015,67755.1345869
IDX,1990,98932.3909078427
IDX,2000,120220.25910919187
IDX,2015,151100.37751441653
IMN,1990,29.69530250086
IMN,2000,31.50907463166
IMN,2015,38.31179957601
IND,1990,98799.60601408
IND,2000,125554.29766387
IND,2015,171839.18292269
IRL,1990,854.4926512758
IRL,2000,976.5798207758
IRL,2015,1261.3899500179
IRN,1990,9480.5418464223
IRN,2000,13197.1021135427
IRN,2015,16217.1048470459
IRQ,1990,3488.0363771179
IRQ,2000,4482.2222871462
IRQ,2015,6572.9688676668
ISL,1990,70.714890102567
ISL,2000,94.28706086496
ISL,2015,107.56003068127
ISR,1990,1730.5817759416
ISR,2000,2233.6876193126
ISR,2015,2743.7336323641
ITA,1990,18122.179719957
ITA,2000,19312.583044819
ITA,2015,20916.723170164
JAM,1990,765.2656167902
JAM,2000,900.4417523259
JAM,2015,1022.3342016496
JOR,1990,1053.32480507606
JOR,2000,1569.50169499835
JOR,2015,2170.09018740478
JPN,1990,50992.76311205
JPN,2000,52716.86291099
JPN,2015,53452.06097573
KAZ,1990,5659.33129713
KAZ,2000,5709.25132111
KAZ,2015,6363.38993307
KEN,1990,1418.43057029915
KEN,2000,2197.79003314991
KEN,2015,3416.83689169865
KGZ,1990,1486.192497193
KGZ,2000,1788.118350045
KGZ,2015,2136.338095941
KHM,1990,949.82475996064
KHM,2000,1517.03565426344
KHM,2015,1838.75313177294
KIR,1990,1.0857272413564
KIR,2000,1.333440939431
KIR,2015,5.187512818374
KNA,1990,6.238609624907
KNA,2000,10.186737127954
KNA,2015,11.739576243214
KOR,1990,8036.643562421
KOR,2000,10324.50824179
KOR,2015,12473.407807643
KWT,1990,596.2975091176
KWT,2000,636.6046667311
KWT,2015,772.9420164889
LAC,1990,80706.1572365035
LAC,2000,97836.88470256247
LAC,2015,115380.33788153481
LAO,1990,241.3509244966
LAO,2000,370.37106097
LAO,2015,542.173193503
LBN,1990,904.83060504933
LBN,2000,1160.2180874966
LBN,2015,1871.96834566438
LBR,1990,426.2282873041
LBR,2000,516.7008009045
LBR,2015,652.5563654118
LBY,1990,2116.5925070777
LBY,2000,2510.010888559
LBY,2015,2958.151043108
LCA,1990,46.14321278874
LCA,2000,60.46926231646
LCA,2015,72.57370005602
LCN,1990,93818.81555359045
LCN,2000,113330.88473318102
LCN,2015,133009.18636059813
LDC,1990,85962.05521243993
LDC,2000,103871.03813315286
LDC,2015,131095.76377778026
LIC,1990,25414.0912046777
LIC,2000,33879.42088761628
LIC,2015,47352.272537703466
LIE,1990,26.8682018407
LIE,2000,32.3760868274
LIE,2015,38.3559506517
LKA,1990,2517.5845284628
LKA,2000,3035.13508699
LKA,2015,3627.830500845
LMC,1990,265720.64135809965
LMC,2000,333828.3957024303
LMC,2015,441764.56575525075
LMY,1990,875721.896120962
LMY,2000,1075957.478712973
LMY,2015,1327431.9618238218
LSO,1990,192.607617298
LSO,2000,231.5941755232
LSO,2015,249.9415822788
LTE,1990,553685.6621832938
LTE,2000,654515.766162938
LTE,2015,762627.5022863444
LTU,1990,1187.72445591401
LTU,2000,1242.43317353756
LTU,2015,1185.85017138378
LUX,1990,187.0335327125
LUX,2000,208.0600101873
LUX,2015,283.4979814884
LVA,1990,810.5150964718
LVA,2000,783.9410577866
LVA,2015,676.2682094441
MAC,1990,14.949691924263
MAC,2000,17.169205778277
MAC,2015,17.764426984834
MAF,1990,13.37127775513
MAF,2000,18.70554393342
MAF,2015,21.50833037026
MAR,1990,3059.0001060017
MAR,2000,3858.4642123147
MAR,2015,4621.3482508848
MCO,1990,2.7765329661831
MCO,2000,2.7765329661831
MCO,2015,2.7765329661831
MDA,1990,1610.963555587
MDA,2000,1568.589936448
MDA,2015,1576.100252165
MDG,1990,768.5422974461
MDG,2000,1127.09160013056
MDG,2015,1660.5857750213
MDV,1990,14.255989044599
MDV,2000,14.791442647616
MDV,2015,14.354530593667
MEA,1990,67063.22623257038
MEA,2000,92309.9480069639
MEA,2015,133427.86027451832
MEX,1990,17098.266372247
MEX,2000,21841.732487621
MEX,2015,28588.131604943
MHL,1990,4.307763281416
MHL,2000,6.569878989044
MHL,2015,8.618052053411
MIC,1990,850307.8049162846
MIC,2000,1042078.0578253566
MIC,2015,1280079.6892861172
MKD,1990,569.744911154
MKD,2000,641.064557603
MKD,2015,701.267863161
MLI,1990,923.694601746
MLI,2000,1118.293872487
MLI,2015,1505.01865677
MLT,1990,158.463668072689
MLT,2000,166.251930471697
MLT,2015,173.523418827177
MMR,1990,3340.8028190284
MMR,2000,4901.510559999
MMR,2015,5783.529448955
MNA,1990,57270.422092756555
MNA,2000,80152.28545102436
MNA,2015,117209.08282416823
MNE,1990,259.26134938785
MNE,2000,281.62536653705
MNE,2015,294.64919953349
MNG,1990,305.607481828
MNG,2000,331.570432837
MNG,2015,354.977871666
MNP,1990,25.55856573486
MNP,2000,30.64031680955
MNP,2015,25.55856573486
MOZ,1990,1721.5172686525
MOZ,2000,2231.822115818
MOZ,2015,2943.1988638828
MRT,1990,254.95171308699
MRT,2000,298.94962576366
MRT,2015,373.5388785956
MUS,1990,311.35414443167
MUS,2000,323.57012570872
MUS,2015,475.80354239703
MWI,1990,401.659663474
MWI,2000,530.135803877
MWI,2015,770.86144894
MYS,1990,7531.974293058
MYS,2000,9469.324429869
MYS,2015,11417.635397424
NAC,1990,157772.40937789337
NAC,2000,178742.82704886983
NAC,2015,200598.5282287308
NAM,1990,168.039303432976
NAM,2000,267.30578628942
NAM,2015,342.317614387356
NCL,1990,42.71228931099
NCL,2000,50.13103992308
NCL,2015,89.0001338187
NER,1990,612.223880013
NER,2000,792.176001659
NER,2015,1313.950219126
NGA,1990,15004.189086348
NGA,2000,18771.468907667
NGA,2015,25189.868658669
NIC,1990,680.79419993099
NIC,2000,818.2837511584
NIC,2015,992.82935686176
NLD,1990,6941.632232746
NLD,2000,7724.295165979
NLD,2015,8322.489140267
NOR,1990,1674.28988287485
NOR,2000,1793.04451938675
NOR,2015,2007.78451002665
NPL,1990,2178.460216849
NPL,2000,1888.331119057
NPL,2015,3041.754743167
NRU,1990,6.88847097568
NRU,2000,6.98027799837
NRU,2015,6.98027799837
NZL,1990,1740.8617892955
NZL,2000,1840.8777891166
NZL,2015,1970.2923058736
OED,1990,431595.8730750947
OED,2000,477478.844511294
OED,2015,526444.5459192857
OMN,1990,712.62397543885
OMN,2000,983.31574603109
OMN,2015,1500.4942670095
OSS,1990,1911.636272932095
OSS,2000,2279.6429223875944
OSS,2015,2813.979061904487
PAK,1990,9769.5392771029
PAK,2000,18284.7254305911
PAK,2015,39082.0219712556
PAN,1990,696.37726884993
PAN,2000,868.8400231741
PAN,2015,1070.9807851155
PER,1990,2584.0411999446
PER,2000,2964.8029127171
PER,2015,3457.8679334828
PHL,1990,7769.962461667
PHL,2000,9407.764673368
PHL,2015,12151.465331954
PLW,1990,4.89320180006
PLW,2000,4.89320180006
PLW,2015,4.89320180006
PNG,1990,279.63313532208
PNG,2000,320.6937924141
PNG,2015,415.3979694972
POL,1990,12463.9897523084
POL,2000,13503.1028531104
POL,2015,14773.8047216808
PRE,1990,50882.64025782958
PRE,2000,66778.55795386904
PRE,2015,93257.70121623111
PRI,1990,2004.0693856062
PRI,2000,2284.4595736402
PRI,2015,2390.7313461592
PRK,1990,2224.5307896724
PRK,2000,2475.1887327447
PRK,2015,2678.3449841565
PRT,1990,3898.8335381078
PRT,2000,4069.3364688918
PRT,2015,4165.1466845851
PRY,1990,936.066655896
PRY,2000,1124.887336219
PRY,2015,1320.83127312
PSE,1990,857.08968036155
PSE,2000,1211.92105441191
PSE,2015,1629.72001470289
PSS,1990,172.1635082146984
PSS,2000,191.108774832135
PSS,2015,292.561495650696
PST,1990,408819.7716006243
PST,2000,443802.51692689373
PST,2015,479395.74441198184
PYF,1990,66.53763311363
PYF,2000,77.33339107498
PYF,2015,84.93705085884
QAT,1990,349.3405435906
QAT,2000,416.72050111764
QAT,2015,678.0532012112
ROU,1990,5701.55089285253
ROU,2000,5588.37440686281
ROU,2015,5124.83437695558
RUS,1990,51076.668331033
RUS,2000,52919.540650472
RUS,2015,52886.954870232
RWA,1990,794.945566324
RWA,2000,991.884960256
RWA,2015,1506.225742599
SAS,1990,149819.81523179004
SAS,2000,181616.21718237043
SAS,2015,235521.7461594447
SAU,1990,4925.5365305273
SAU,2000,6050.7449820894
SAU,2015,7756.634131739
SDN,1990,2248.01110046374
SDN,2000,2928.38470101642
SDN,2015,3789.64446851927
SEN,1990,855.2445520298
SEN,2000,1047.2480902162
SEN,2015,1566.4038213702
SGP,1990,420.68631243053
SGP,2000,427.637087243538
SGP,2015,454.083842663704
SLB,1990,13.704975608692
SLB,2000,21.96598239238
SLB,2015,37.833488396338
SLE,1990,376.9897640845
SLE,2000,487.4739076209
SLE,2015,713.58051596621
SLV,1990,928.5674049939
SLV,2000,1259.0012304551
SLV,2015,1559.8746058082
SMR,1990,17.4402822107
SMR,2000,18.6112290323
SMR,2015,22.0137373377
SOM,1990,807.22632517012
SOM,2000,895.76272176713
SOM,2015,1451.27476161036
SRB,1990,2406.75905632
SRB,2000,2511.142793042
SRB,2015,2323.390620357
SSA,1990,63382.869098893054
SSA,2000,82041.71146748462
SSA,2015,109257.07982186295
SSD,1990,337.133830868
SSD,2000,448.18736254
SSD,2015,666.354721617
SSF,1990,66192.17760113062
SSF,2000,85988.75594956763
SSF,2015,115031.11206681326
SST,1990,3603.6064022700743
SST,2000,4234.406410460202
SST,2015,5135.313536818497
STP,1990,8.49129305885
STP,2000,12.00397061289
STP,2015,10.250144466754
SUR,1990,126.23870024954
SUR,2000,179.48168035293
SUR,2015,261.3952571006
SVK,1990,1602.722105864
SVK,2000,1666.238739195
SVK,2015,1805.386355954
SVN,1990,735.43864021051
SVN,2000,763.12914231511
SVN,2015,804.81156983879
SWE,1990,3771.8122801669
SWE,2000,3846.6625794668
SWE,2015,4064.228260083
SWZ,1990,82.6204962246
SWZ,2000,126.921333477
SWZ,2015,177.918670865
SXM,1990,19.960950428601
SXM,2000,22.489805901201
SXM,2015,24.87416134002
SYC,1990,8.770279677587
SYC,2000,12.09646166302
SYC,2015,13.36753015034
SYR,1990,3065.48125082471
SYR,2000,4189.8084837048
SYR,2015,5092.2501822119
TCA,1990,0.0
TCA,2000,9.88598269166
TCA,2015,24.42843303038
TCD,1990,528.105601288
TCD,2000,705.178164059
TCD,2015,948.824137612
TEA,1990,458840.51363433606
TEA,2000,561383.9654841274
TEA,2015,671093.3524865238
TEC,1990,136831.92482053305
TEC,2000,146397.22985728408
TEC,2015,152847.2423803194
TGO,1990,563.69570918782
TGO,2000,728.3337347472
TGO,2015,895.2206285914
THA,1990,12420.820841777
THA,2000,16567.840710208
THA,2015,19506.66092189
TJK,1990,2447.739098735
TJK,2000,2983.00338548
TJK,2015,3745.362280764
TKM,1990,1275.047336794
TKM,2000,1743.072906522
TKM,2015,2004.623641174
TLA,1990,88889.71703426928
TLA,2000,107751.62566529348
TLA,2015,126930.47163072336
TLS,1990,41.637910283672
TLS,2000,58.74173346666
TLS,2015,74.47177288071
TMN,1990,56413.332412395
TMN,2000,78940.36439661245
TMN,2015,115579.36280946534
TON,1990,29.07690714389
TON,2000,26.05533072814
TON,2015,29.64733846208
TSA,1990,149819.81523179004
TSA,2000,181616.21718237043
TSA,2015,235521.7461594447
TSS,1990,66192.17760113064
TSS,2000,85988.75594956764
TSS,2015,115031.1120668133
TTO,1990,648.60209913889
TTO,2000,715.56264136699
TTO,2015,812.96086791395
TUN,1990,2135.1017614404
TUN,2000,2481.176695368
TUN,2015,2877.948643634
TUR,1990,10117.1582532431
TUR,2000,13051.678934934
TUR,2015,15460.688239453
TUV,1990,0.0
TUV,2000,0.0
TUV,2015,0.0
TZA,1990,2743.6695288778
TZA,2000,3766.2190012778
TZA,2015,5282.8699697124
UGA,1990,1690.70118101
UGA,2000,2506.723587437
UGA,2015,3854.11813924
UKR,1990,17618.8557873471
UKR,2000,17214.0328453386
UKR,2015,16271.2950148036
UMC,1990,584587.1635581845
UMC,2000,708249.6621229266
UMC,2015,838315.1235308669
URY,1990,836.6392554592
URY,2000,953.2953664712
URY,2015,1017.8713686083
USA,1990,145961.87923442
USA,2000,165933.172326772
USA,2015,186573.446684379
UZB,1990,10833.61842591
UZB,2000,13159.14531138
UZB,2015,15432.20254693
VCT,1990,58.091228270678
VCT,2000,67.743209397148
VCT,2015,68.762647893978
VEN,1990,4545.0385254921
VEN,2000,5449.132491294
VEN,2015,6248.974133367
VGB,1990,0.0
VGB,2000,7.26270665788
VGB,2015,14.44612027988
VIR,1990,75.44978137939
VIR,2000,82.49559979955
VIR,2015,86.3699534747
VNM,1990,19737.48115501
VNM,2000,24722.19864016
VNM,2015,28615.40605963
VUT,1990,11.13707165793
VUT,2000,17.942869940746
VUT,2015,27.94289546269
WLD,1990,1365096.9824496445
WLD,2000,1609822.0224045322
WLD,2015,1907334.0257958034
WSM,1990,15.22739576177
WSM,2000,17.16251509641
WSM,2015,46.6826444205
YEM,1990,886.97293582933
YEM,2000,1214.3049454725
YEM,2015,1795.3632958403
ZAF,1990,10324.5223022098
ZAF,2000,13237.851396307
ZAF,2015,15118.6620802909
ZMB,1990,1433.01889086
ZMB,2000,1684.217586647
ZMB,2015,2079.135102238
ZWE,1990,1384.308393719
ZWE,2000,1714.541408567
ZWE,2015,2024.485896677
